n_shareholder_change,n_capital_increase,n_cb,n_collateral,종목코드,회사명
0,2,0,0,475040,스트라드비젼
0,0,0,0,153890,져스텍
0,0,0,0,477850,마키나락스
0,0,1,0,288180,케이피항공산업
0,0,0,0,487580,폴레드
0,0,0,0,439960,코스모로보틱스
0,0,0,0,394420,리센스메디컬
0,0,0,0,408470,한패스
0,0,0,0,493280,아이엠바이오로직스
0,0,0,0,458350,에스팀
0,0,0,0,493330,지에프아이
0,1,1,0,012210,삼미금속
0,0,0,0,490470,세미파이브
0,0,0,0,491000,리브스메드
0,5,0,0,476830,알지노믹스
0,0,0,0,478340,나라스페이스테크놀로지
0,2,0,0,464490,쿼드메디슨
0,0,0,0,261520,이지스
0,0,0,0,950250,테라뷰
0,0,0,0,488900,비츠로넥스텍
0,0,0,0,388210,씨엠티엑스
0,0,0,0,403850,더핑크퐁컴퍼니
0,0,0,0,459550,알트
0,1,0,0,494120,큐리오시스
0,0,0,0,469610,이노테크
0,0,0,0,486990,노타
0,0,0,0,014950,삼익제약
0,0,0,0,488280,에스투더블유
0,0,0,0,397810,애드포러스
0,0,0,0,484590,삼양컴텍
0,2,2,0,456160,지투지바이오
0,0,2,0,309710,아이티켐
0,0,0,0,468530,프로티나
0,0,0,0,475230,엔알비
0,1,1,0,380550,뉴로핏
0,0,0,0,484120,도우인시스
0,0,0,0,331740,아우토크립트
0,0,0,0,462310,뉴키즈온
0,0,0,0,234030,싸이닉솔루션
0,0,0,0,463020,뉴엔AI
0,2,0,0,455180,케이지에이
0,0,0,0,340450,지씨지놈
0,0,0,0,474650,링크솔루션
0,0,0,0,475430,키스트론
0,0,0,0,489460,바이오비쥬
0,0,0,0,188040,바이오포트
0,0,0,0,125020,티씨머티리얼즈
0,1,1,0,376900,로킷헬스케어
0,2,1,0,476040,오가노이드사이언스
0,0,0,0,136150,원일티엔아이
0,0,1,0,459510,나우로보틱스
0,0,0,0,364950,에이아이코리아
0,3,0,0,448900,한국피아이엠
0,0,0,0,481070,에이유브랜즈
0,0,0,0,101970,우양에이치씨
0,0,0,0,462860,더즌
0,0,0,0,444530,심플랫폼
0,0,0,0,098070,한텍
0,2,1,0,226590,엠디바이스
0,0,0,0,479960,위너스일렉
1,0,0,0,463480,모티브링크
0,2,0,0,475830,오름테라퓨틱
0,0,0,0,240550,동방메디컬
0,0,0,0,462980,아이지넷
0,1,0,0,482630,삼양엔씨켐
0,0,0,0,373160,데이원컴퍼니
0,0,0,0,450950,아스테라시스
0,0,0,0,096250,와이즈넛
0,0,0,0,475460,미트박스
0,3,1,0,478560,블랙야크아이앤씨
0,0,0,0,432980,엠에프씨
0,0,0,0,387570,파인메딕스
0,0,0,0,177900,쓰리에이로직스
0,3,0,0,176750,듀켐바이오
0,0,0,0,398120,에스지헬스케어
0,0,0,0,476060,온코닉테라퓨틱스
0,1,2,0,382150,온코크로스
0,0,0,0,457600,벡트
0,0,0,0,471820,셀로맥스사이언스
0,2,1,0,459100,위츠
0,0,0,0,389680,유디엠텍
0,0,0,0,474610,RF시스템즈
0,0,0,0,466410,사이냅소프트
0,0,0,0,475660,에스켐
0,1,1,0,394800,쓰리빌리언
0,0,0,0,464580,닷밀
0,0,0,0,473980,노머스
0,0,1,0,163280,에어레인
0,0,0,0,475960,토모큐브
0,0,1,0,376270,HEM파마
0,1,2,0,475580,에이럭스
0,2,2,0,336680,탑런토탈솔루션
0,0,0,0,458650,성우
0,4,0,0,044990,에이치엔에스하이텍
0,0,0,0,289930,웨이비스
0,0,0,0,475400,씨메스로보틱스
0,0,0,0,457370,한켐
0,0,2,0,474170,루미르
0,0,0,0,465480,인스피언
0,1,1,0,308430,셀비온
0,0,1,0,381620,제닉스로보틱스
0,0,2,0,351870,차이커뮤니케이션
0,0,0,0,464500,아이언디바이스
0,0,0,0,469750,아이비젼웍스
0,0,0,0,461300,아이스크림미디어
0,0,0,0,464280,티디에스팜
0,0,0,0,389650,넥스트바이오메디컬
0,0,0,0,431190,케이쓰리아이
0,0,0,0,088340,유라클
0,0,0,0,199480,뱅크웨어글로벌
0,0,0,0,460470,아이빔테크놀로지
0,0,0,0,460940,피앤에스로보틱스
0,7,0,0,373110,엑셀세라퓨틱스
0,0,0,0,450330,하스
0,12,0,0,462350,이노스페이스
0,0,0,0,160190,하이젠알앤엠
0,0,1,0,464080,에스오에스랩
1,3,1,0,107640,한중엔시에스
0,0,0,0,458870,씨어스
0,0,0,0,453450,그리드위즈
0,0,0,0,323350,다원넥스뷰
0,0,0,0,145170,노브랜드
0,2,1,0,456010,아이씨티케이
0,0,0,0,126730,코칩
0,0,0,0,452200,민테크
0,0,0,0,140430,카티스
0,0,3,0,347850,디앤디파마텍
0,0,2,0,412540,제일엠앤에스
0,0,0,0,451250,삐아
0,0,0,0,461030,아이엠비디엑스
0,0,0,0,455900,엔젤로보틱스
0,0,0,0,420570,제이투케이바이오
0,0,1,0,437730,삼현
0,0,0,0,036220,오상헬스케어
0,0,1,0,199430,케이엔알시스템
0,12,2,0,418620,E8
0,0,0,0,360350,코셈
0,2,0,0,068100,케이웨더
0,0,0,0,452430,사피엔반도체
0,0,0,0,415380,스튜디오삼익
0,0,0,0,472850,폰드그룹
0,5,0,0,199550,레이저옵텍
0,0,0,0,452400,이닉스
0,0,0,0,105760,포스뱅크
0,0,0,0,440290,HB인베스트먼트
0,0,0,0,457550,우진엔텍
0,0,0,0,452190,한빛레이저
0,0,0,0,439580,블루엠텍
0,0,1,0,432470,케이엔에스
0,0,2,0,338840,와이바이오로직스
0,6,7,0,355690,에이텀
0,2,0,0,453860,에이에스텍
0,0,1,0,402490,그린리소스
0,1,1,0,452160,제이엔비
0,0,2,0,452280,한선엔지니어링
0,0,0,0,448280,에코아이
0,5,0,0,365330,에스와이스틸텍
0,0,1,0,445090,에이직랜드
0,4,0,0,446540,메가터치
0,0,0,0,413640,비아이매트릭스
0,0,0,0,451760,컨텍
0,1,3,0,372320,큐로셀
0,0,0,0,088280,쏘닉스
1,3,1,0,188260,세니젠
2,1,1,0,290560,파라택시스이더리움
0,0,0,0,240600,유진테크놀로지
2,7,0,0,221800,지구홀딩스
0,4,1,0,432720,퀄리타스반도체
0,0,0,0,396470,워트
0,0,0,0,416180,신성에스티
0,0,0,0,445180,퓨릿
0,1,1,0,451220,아이엠티
2,0,0,0,443250,레뷰코퍼레이션
0,0,0,0,418470,KT밀리의서재
0,0,0,0,450520,인스웨이브
0,0,1,0,403490,우듬지팜
0,8,2,0,384470,코어라인소프트
1,0,1,0,146060,율촌
2,16,1,0,355390,크라우드웍스
0,2,2,0,424960,스마트레이더시스템
3,3,23,0,210120,캔버스엔
0,0,0,0,448710,코츠테크놀로지
0,0,2,0,445680,큐리옥스바이오시스템즈
0,0,0,0,373170,엠아이큐브솔루션
0,10,0,0,429270,시지트로닉스
0,0,0,0,172670,에이엘티
0,0,1,0,388870,파로스아이바이오
0,0,0,0,438700,버넥트
0,0,2,0,406820,뷰티스킨
0,9,4,0,321370,센서뷰
0,0,0,0,378340,필에너지
0,2,0,0,274400,이노시뮬레이션
0,1,0,0,354320,알멕
0,1,2,0,440320,오픈놀
0,0,2,0,232830,아이티센피엔에스
0,0,0,0,303360,프로티아
2,9,3,0,348080,큐라티스
2,0,0,0,439090,마녀공장
0,0,0,0,405920,나라셀라
0,0,2,0,285800,진영
0,0,0,0,420770,기가비스
0,0,1,0,271830,팸텍
0,0,0,0,434480,모니터랩
0,1,7,0,340810,시선AI
1,0,0,0,446840,지슨
0,3,3,0,304360,에스바이오메딕스
0,0,0,0,424980,마이크로투나노
0,0,0,0,318160,셀바이오휴먼텍
0,7,5,0,358570,지아이이노베이션
0,0,0,0,356680,엑스게이트
1,0,1,1,282720,금양그린파워
0,0,1,0,389020,자람테크놀로지
0,0,1,0,417010,나노팀
0,0,0,0,199730,바이오인프라
0,0,5,0,127980,화인써키트
2,2,2,0,418550,제이오
0,0,0,0,411080,샌즈랩
0,0,5,0,407400,꿈비
0,0,0,0,408900,스튜디오미르
0,0,2,0,419050,삼기에너지솔루션즈
0,4,1,0,417860,오브젠
0,0,1,0,425040,티이엠씨
1,6,18,0,380540,옵티코어
0,0,4,0,162300,신스틸
2,1,4,0,417180,핑거스토리
0,0,2,0,419530,SAMG엔터
0,0,1,0,168360,펨트론
0,4,7,0,389470,인벤티지랩
0,0,1,0,419080,엔젯
0,0,0,0,084440,유비온
0,0,1,0,372170,윤성에프앤씨
0,0,2,0,383930,디티앤씨알오
0,0,1,0,417500,제이아이테크
0,0,0,0,405100,큐알티
0,0,1,0,417840,저스템
0,0,0,0,419120,산돌
1,4,3,0,405000,플라즈맵
2,2,2,0,291810,핀텔
0,6,1,0,378800,샤페론
2,2,1,0,419540,비스토스
0,0,0,0,360070,탑머티리얼
0,0,2,0,389500,에스비비테크
0,4,2,0,368970,오에스피
0,0,0,0,417970,모델솔루션
0,0,0,0,296640,이노에이엑스
0,6,3,0,441270,파인엠텍
0,2,2,0,393890,더블유씨피
0,0,0,0,314140,알피바이오
0,3,0,0,394280,오픈엣지테크놀로지
2,2,8,1,129920,대성하이텍
0,0,0,0,148930,에이치와이티씨
7,2,1,3,107600,새빗켐
0,6,5,0,368600,아이씨에이치
0,0,0,0,424760,벨로크
0,4,2,0,328130,루닛
2,0,0,1,403870,HPSP
0,0,4,0,112290,와이씨켐
0,12,2,0,396270,넥스트칩
0,8,4,0,412350,레이저쎌
0,0,3,0,310210,보로노이
0,0,0,0,148780,비큐AI
0,0,3,0,382900,범한퓨얼셀
0,0,1,0,399720,가온칩스
0,0,0,0,389260,대명에너지
0,6,0,0,389140,포바이포
0,0,0,0,388050,지투파워
0,0,0,0,413630,씨피시스템
0,0,0,0,396300,세아메카닉스
0,0,1,0,388720,유일로보틱스
1,2,15,1,288980,모아데이타
0,0,0,0,408920,메쎄이상
0,6,0,0,376930,노을
0,0,1,0,146320,비씨엔씨
0,2,2,0,371950,풍원정밀
0,0,0,0,330730,스톤브릿지벤처스
0,0,0,0,370090,퓨런티어
0,0,0,0,251120,바이오에프디엔씨
3,0,0,3,211050,인카금융서비스
0,0,0,0,137080,나래나노텍
0,0,0,0,136410,아셈스
2,9,6,0,276040,스코넥
3,12,11,0,179530,애드바이오텍
0,0,1,0,102370,케이옥션
0,0,4,0,353590,오토앤
0,0,0,0,200350,아티스트스튜디오
0,1,0,0,199800,툴젠
0,1,2,0,377480,마음AI
0,0,1,0,361570,알비더블유
0,0,0,0,290090,트윔
0,0,5,0,372800,아이티아이즈
0,0,0,0,311320,지오엘리먼트
2,11,10,0,357880,SKAI
1,0,0,0,376300,디어유
0,1,3,0,389030,지니너스
0,0,6,0,376180,피코그램
4,1,27,3,348370,엔켐
3,0,0,0,377450,리파인
0,0,2,0,382800,지앤비에스 에코
0,0,0,0,114840,아이패밀리에스씨
0,0,0,0,159010,아스플로
0,0,0,0,382840,원준
0,2,0,0,257720,실리콘투
0,0,0,0,260970,에스앤디
0,0,0,0,377220,프롬바이오
0,0,2,0,099430,바이오플러스
2,1,1,0,273640,와이엠텍
0,0,0,0,388790,라이콤
2,0,0,0,308080,바이젠셀
0,0,0,0,099390,브레인즈컴퍼니
0,6,0,0,315640,딥노이드
0,0,0,0,058970,엠로
0,0,0,0,376980,원티드랩
0,0,0,0,195940,HK이노엔
0,0,1,0,270660,에브리봇
0,6,1,0,365270,큐라클
0,0,1,0,352910,오비고
0,0,0,0,303530,이노뎁
0,0,1,0,232680,라온로보틱스
0,5,4,0,187660,페니트리움바이오
0,7,0,0,383310,에코프로에이치엔
2,4,0,0,363250,진시스템
3,7,4,0,276730,한울앤제주
0,0,0,0,357230,에이치피오
0,0,0,0,294570,쿠콘
0,0,1,0,351330,이삭엔지니어링
5,0,2,3,059270,해성에어로보틱스
0,0,1,0,333620,엔시스
0,1,0,0,289220,자이언트스텝
2,1,1,0,361390,제노코
3,14,18,0,347700,스피어
0,0,0,0,314930,바이오다인
0,8,1,0,950220,네오이뮨텍
0,1,1,0,334970,프레스티지바이오로직스
1,0,3,0,247660,나노씨엠에스
0,0,5,0,338220,뷰노
2,11,6,0,373200,엑스플러스
2,9,3,0,340930,성원에너텍
0,6,0,0,189330,씨이랩
0,0,0,0,322310,오로스테크놀로지
0,0,3,0,239890,피엔에이치테크
0,0,0,0,363260,모비데이즈
0,0,0,0,262840,아이퀘스트
0,0,2,0,321820,아티스트컴퍼니
1,1,1,0,163730,핑거
0,0,0,0,352700,씨앤투스
0,0,0,0,086710,선진뷰티사이언스
8,0,0,6,236810,엔비티
0,0,0,0,368770,파이버프로
0,0,0,0,357550,석경에이티
1,13,6,0,347860,알체라
0,3,3,0,365590,하이딥
0,0,0,0,064850,에프앤가이드
0,0,0,0,352940,인바이오
1,5,4,0,317690,퀀타매트릭스
0,0,0,0,129890,앱코
0,0,0,0,265740,엔에프씨
0,0,0,0,199820,제일일렉트릭
0,0,6,0,299030,하나기술
0,0,0,0,340570,티앤엘
0,0,1,0,330860,네패스아크
2,1,22,2,290690,소룩스
0,0,0,0,348350,위드텍
2,2,0,0,347000,센코
0,1,4,0,301300,바이브컴퍼니
8,12,9,1,214610,롤링스톤
1,5,3,0,304840,피플바이오
3,2,0,0,348210,넥스틴
0,1,4,0,126340,비나텍
0,0,0,0,359090,씨엔알리서치
0,0,0,0,323990,박셀바이오
2,0,0,0,318410,비비씨
1,2,0,0,355150,코스텍시스
1,0,0,1,347770,핌스
2,9,5,0,291650,압타머사이언스
2,4,4,1,293490,카카오게임즈
0,0,0,0,347740,피엔케이피부임상연구센타
0,0,0,0,332370,아이디피
0,0,3,0,337930,젝시믹스
0,0,0,0,060850,영림원소프트랩
0,0,3,0,032300,한국파마
0,0,0,0,357780,솔브레인
0,1,4,0,332570,PS일렉트로닉스
0,3,0,0,101360,에코앤드림
0,0,0,0,347890,엠엑스온
0,0,0,0,298540,더네이쳐홀딩스
2,2,0,0,225220,제놀루션
0,0,1,0,304100,솔트룩스
0,2,1,0,262260,에이프로
0,0,0,0,950200,소마젠
0,0,0,0,290520,신도기연
0,0,0,0,330350,위더스제약
1,0,0,0,169330,엠브레인
0,5,1,0,229000,젠큐릭스
0,0,0,0,297890,HB솔루션
4,2,9,1,351320,넥사다이내믹스
0,0,4,0,353190,휴럼
0,0,0,0,353810,이지바이오
0,1,1,0,223250,드림씨아이에스
0,0,0,0,198080,캐프
2,0,0,0,237820,플레이디
0,0,1,0,092190,서울바이오시스
0,4,0,0,204270,제이앤티씨
0,2,0,0,294140,레몬
0,2,0,0,311690,CJ 바이오사이언스
0,5,2,0,327260,RF머트리얼즈
0,0,0,0,339950,아이비김영
3,7,4,1,340360,다보링크
0,0,0,0,235980,메드팩토
0,0,2,0,336570,원텍
5,6,9,5,226330,신테카바이오
0,4,1,0,322510,제이엘케이
0,0,1,0,124560,태웅로직스
0,0,2,0,302550,리메드
0,0,2,0,278650,HLB바이오스텝
0,0,4,0,321550,티움바이오
0,0,1,0,297090,씨에스베어링
0,0,4,0,103840,우양
0,0,0,0,190650,코리아에셋투자증권
0,0,0,0,306040,에스제이그룹
0,1,5,0,216080,제테마
0,0,9,0,214260,라파스
0,3,1,0,084850,아이티엠반도체
0,0,0,0,333430,일승
2,3,0,0,322180,LS티라유텍
0,0,0,0,333050,이노테나
0,0,1,0,331520,밸로프
0,11,0,0,317530,에피소드컴퍼니
4,0,3,4,272110,케이엔제이
0,0,1,0,317870,엔바이오니아
0,0,0,0,318010,팜스빌
0,4,6,0,300120,라온피플
0,0,2,0,158430,아톤
1,0,1,0,234690,녹십자웰빙
0,0,5,0,332290,누보
2,15,3,0,331380,포커스에이아이
0,6,2,0,317120,라닉스
1,3,5,1,320000,한울반도체
0,0,0,0,256150,한독크린텍
1,1,0,1,311390,네오크레마
0,0,0,0,195500,마니커에프앤지
0,0,0,0,328380,솔트웨어
5,10,8,0,286750,나노실리칸첨단소재
0,0,0,0,317330,덕산테코피아
0,0,1,0,318000,KBG
1,8,4,1,317770,엑스페릭스
2,0,0,2,148150,세경하이테크
0,1,0,0,317850,대모
0,0,5,0,241840,에이스토리
0,0,0,0,234340,헥토파이낸셜
0,0,4,0,289010,아이스크림에듀
0,0,0,0,251970,펌텍코리아
1,0,0,0,312610,에이에프더블류
0,5,0,0,323280,태성
0,6,5,0,308100,형지글로벌
0,2,3,0,305090,마이크로디지탈
3,3,8,0,322780,코퍼스코리아
0,0,0,0,321260,프로이천
0,0,0,0,253840,수젠텍
0,0,0,0,307930,컴퍼니케이
0,0,0,0,125210,아모그린텍
0,0,1,0,228760,지노믹트리
0,0,0,0,100790,미래에셋벤처투자
0,2,0,0,247540,에코프로비엠
0,10,0,0,299660,셀리드
0,0,5,0,278280,천보
0,0,2,0,246960,SCL사이언스
0,0,3,0,104620,노랑풍선
0,0,0,0,053580,웹케시
0,0,0,0,290550,디케이티
0,1,19,0,307180,아이엘
0,0,2,0,310200,애니플러스
0,1,0,0,310870,디와이씨
2,1,13,0,309930,조이웍스앤코
0,1,5,0,307750,국전
0,4,0,0,298380,에이비엘바이오
0,0,3,0,100590,머큐리
0,0,0,0,110020,전진바이오팜
0,0,0,0,270870,뉴트리
4,7,14,0,307870,비투엔
0,0,0,0,302430,이노메트리
0,1,1,0,290120,DH오토리드
0,1,0,0,128540,에코캡
0,0,1,0,307280,원바이오젠
0,4,0,0,900340,윙입푸드
0,0,0,0,111710,남화산업
0,0,0,0,179290,엠아이텍
0,0,6,0,117730,티로보틱스
2,4,9,0,290660,다이나믹솔루션
0,5,6,0,246710,티앤알바이오팹
0,0,0,0,263690,디알젬
0,2,6,0,217330,싸이토젠
0,0,0,0,027360,아주IB투자
0,0,0,0,263020,디케이앤디
0,0,0,0,194700,노바렉스
0,0,0,0,290670,대보마그네틱
0,0,0,0,285490,노바텍
0,2,3,0,290650,엘앤씨바이오
0,2,13,0,306620,지아이에스
0,5,3,0,108490,로보티즈
0,0,0,0,153710,옵티팜
0,0,6,0,288620,에스프리즘
4,13,2,1,290720,푸드나무
0,0,4,0,110790,크리스에프앤씨
0,0,2,0,299170,더블유에스아이
0,0,0,0,291230,엔피
0,0,0,0,197140,디지캡
2,4,0,0,303030,지니틱스
0,0,0,0,290740,액트로
0,0,0,0,173130,오파스넷
1,0,0,0,089970,브이엠
0,0,1,0,086820,바이오솔루션
0,0,0,0,110990,디아이티
0,0,0,0,204020,그리티
2,0,1,0,297570,아틀라스링크
0,0,3,0,289080,SV인베스트먼트
0,1,3,0,037030,파워넷
0,0,3,0,258830,세종메디칼
0,0,0,0,122310,제노레이
4,0,0,2,950170,JTC
0,0,0,0,253590,네오셈
0,0,0,0,277070,린드먼아시아
0,0,0,0,226400,오스테오닉
0,0,0,0,183490,엔지켐생명과학
0,0,0,0,006620,동구바이오제약
0,0,1,0,154030,아시아종묘
0,0,4,0,260660,알리코제약
0,0,0,0,042000,카페24
0,1,3,0,255220,SG
1,0,1,1,264660,씨앤지하이테크
0,0,3,0,187870,디바이스
0,0,1,0,281740,레이크머티리얼즈
0,0,0,0,241770,메카로
0,0,0,0,066360,체리부로
0,0,0,0,007680,대원
0,1,0,0,253450,스튜디오드래곤
0,1,3,0,265560,영화테크
0,1,1,0,234100,폴라리스세원
0,1,0,0,263810,상신전자
1,0,0,1,255440,야스
0,0,3,0,277410,인산가
0,0,0,0,243840,신흥에스이씨
0,4,8,0,179900,유티아이
0,0,2,0,171090,선익시스템
0,0,5,0,259630,엠플러스
0,3,3,0,174900,앱클론
0,0,0,0,263750,펄어비스
0,0,2,0,263600,덕우전자
3,7,11,1,270520,앱튼
0,5,0,0,140670,알에스오토메이션
0,0,0,0,900310,컬러레이
0,0,2,0,273060,와이즈버즈
0,0,0,0,118990,모트렉스
0,0,0,0,263800,데이타솔루션
0,0,0,0,263860,지니언스
0,0,0,0,263720,디앤씨미디어
0,0,0,0,238490,힘스
0,0,1,0,251630,브이원텍
1,0,12,1,227610,아우딘퓨쳐스
0,2,0,0,272290,이녹스첨단소재
0,1,0,0,003380,하림지주
0,0,3,0,261200,덴티스
0,1,8,0,267320,나인테크
0,0,0,0,250000,보라티알
2,6,0,1,225190,LK삼양
0,0,0,0,264850,이랜시스
0,1,0,0,161580,필옵틱스
0,0,0,0,256630,포인트엔지니어링
1,0,0,1,166090,하나머티리얼즈
0,0,1,0,251370,와이엠티
0,0,0,0,063760,이엘피
0,0,0,0,264450,유비쿼스
0,0,0,0,183300,코미코
2,12,2,1,246720,아스타
0,0,3,0,217480,에스디생명공학
0,0,0,0,002800,신신제약
0,0,0,0,083500,에프엔에스테크
5,1,5,2,087260,모바일어플라이언스
0,0,1,0,140070,서플러스글로벌
0,0,0,0,206650,유바이오로직스
0,0,0,0,256840,한국비엔씨
0,0,0,0,241520,DSC인베스트먼트
0,1,3,0,246690,TS인베스트먼트
0,0,0,0,203450,유니온바이오메트릭스
0,0,0,0,254120,자비스
1,0,0,1,241790,티이엠씨씨엔에스
0,1,4,0,220100,퓨쳐켐
0,0,0,0,144960,뉴파워프라즈마
0,0,0,0,237880,클리오
2,8,3,0,900300,오가닉티코스메틱
0,0,0,0,238120,얼라인드
0,0,0,0,252500,세화피앤씨
2,0,0,0,216050,인크로스
0,0,0,0,239610,에이치엘사이언스
0,6,0,0,900290,GRT
0,0,0,0,189300,인텔리안테크
0,0,0,0,950140,잉글우드랩
0,0,0,0,050960,수산아이앤티
0,0,8,0,201490,미투온
0,0,2,0,250930,예선테크
0,0,1,0,241690,유니테크노
2,0,1,0,250060,모비스
0,1,0,0,242040,나무기술
1,4,2,0,900270,헝셩그룹
0,0,0,0,073560,우리손에프앤지
4,3,7,0,123010,알엔티엑스
1,2,18,1,142760,모아라이프플러스
0,0,0,0,237750,피앤씨테크
0,0,1,0,237690,에스티팜
0,0,0,0,144510,지씨셀
0,0,0,0,239340,이스트에이드
0,0,2,0,243070,휴온스
0,0,0,0,240810,원익IPS
0,0,0,0,228850,레이언스
0,0,0,0,228340,동양파일
2,2,2,0,222110,팬젠
1,0,1,0,211270,AP위성
0,2,0,0,065660,안트로젠
0,0,0,0,236200,슈프리마
1,1,1,1,142210,유니트론텍
0,1,0,0,900250,크리스탈신소재
0,2,7,0,224060,더코디
0,0,0,0,109610,에스와이
0,0,1,0,191410,육일씨엔에쓰
2,0,0,2,145020,휴젤
0,0,2,0,222980,한국맥널티
0,0,0,0,206560,덱스터
0,2,0,0,047920,HLB제약
0,5,0,0,217730,강스템바이오텍
0,0,0,0,133750,메가엠디
0,0,3,0,225530,HC보광산업
0,0,0,0,140860,파크시스템스
0,0,0,0,230240,에치에프알
0,0,1,0,122640,예스티
0,0,0,0,222040,코스맥스엔비티
0,0,0,0,058110,멕아이씨에스
0,0,0,0,217820,원익피앤이
0,0,0,0,221840,하이즈항공
0,8,2,0,180400,DXVX
0,0,0,0,221980,케이디켐
2,2,1,0,227950,엔투텍
0,0,0,0,214370,케어젠
0,6,0,0,185490,아이진
0,0,0,0,190510,나무가
0,3,0,0,092870,엑시콘
0,0,0,0,225590,패션플랫폼
0,0,0,0,225570,넥슨게임즈
0,0,0,0,217190,제너셈
0,0,1,0,219130,타이거일렉
0,2,3,0,175140,휴먼테크놀로지
0,0,4,0,222080,SFA넥셀
0,0,0,0,196700,웹스
0,0,0,0,131760,파인텍
0,0,3,0,222800,심텍
0,0,2,0,189980,흥국에프엔비
0,0,0,0,094360,칩스앤미디어
2,0,0,0,127710,아시아경제
0,0,1,0,214430,아이쓰리시스템
0,0,0,0,067730,로지시스
0,1,1,0,214450,파마리서치
10,5,7,4,219550,디와이디
0,5,0,0,087010,펩트론
0,0,0,0,218410,RFHIC
0,0,0,0,094170,동운아나텍
0,7,0,0,166480,코아스템켐온
2,0,0,0,217270,넵튠
0,0,0,0,218150,미래생명자원
0,0,0,0,160980,싸이맥스
0,0,3,0,217500,러셀
0,0,0,0,087600,픽셀플러스
4,1,8,2,187420,HLB제넥스
2,1,2,0,215380,우정바이오
1,1,0,0,215480,토박스코리아
0,0,0,0,215790,이노인스트루먼트
0,0,0,0,215200,메가스터디교육
0,0,0,0,215100,로보로보
0,3,3,0,214680,디알텍
4,2,5,2,195990,루트K
3,0,0,3,214150,클래시스
0,4,13,0,214270,FSN
0,0,0,0,189690,포시에스
0,0,0,0,213420,덕산네오룩스
0,2,2,0,193250,링크드
0,0,0,0,206640,바디텍메드
3,0,2,1,200470,에이팩트
0,0,0,0,189860,서전기전
0,2,0,0,067390,아스트
0,0,1,0,080580,오킨스전자
0,3,1,0,208710,포톤
0,0,3,0,142280,녹십자엠에스
1,0,3,1,187220,디티앤씨
0,0,0,0,208370,셀바스헬스케어
0,0,0,0,208140,정다운
3,4,0,1,149980,하이로닉
0,0,2,0,084650,랩지노믹스
0,0,1,0,200710,에이디테크놀로지
0,0,0,0,200780,비씨월드제약
0,0,2,0,207760,미스터블루
0,1,0,0,196170,알테오젠
1,3,5,0,206400,베노티앤알
0,0,2,0,173940,에프엔씨엔터
1,0,0,0,205470,휴마시스
0,6,4,0,200230,텔콘RF제약
2,3,0,0,204620,글로벌텍스프리
0,4,5,0,205500,넥써쓰
0,0,0,0,205100,엑셈
0,0,1,0,191420,테고사이언스
2,0,0,2,143540,영우디에스피
0,0,0,0,203650,드림시큐리티
2,2,10,0,192410,오늘이엔엠
2,0,0,0,198440,강동씨앤엘
0,0,0,0,187270,신화콘텍
1,0,4,1,177830,파버나인
0,0,0,0,090410,덕신이피씨
0,0,0,0,004650,창해에탄올
0,0,3,0,192390,윈하이텍
0,0,0,0,059120,아진엑스텍
0,0,0,0,200130,콜마비앤에이치
0,2,9,0,105550,엣지파운드리
0,0,0,0,192250,케이사인
1,0,4,1,138080,오이솔루션
0,0,0,0,053300,한국정보인증
0,1,2,0,154040,다산솔루에타
0,0,0,0,090850,현대이지웰
3,1,3,2,184230,SGA솔루션즈
0,0,0,0,049080,기가레인
4,4,10,0,085810,알티캐스트
0,0,0,0,170030,현대공업
0,0,0,0,067570,엔브이에이치코리아
2,0,0,2,134580,탑코미디어
1,3,1,0,182360,큐브엔터
3,0,0,1,171120,라이온켐텍
0,0,0,0,171010,램테크놀러지
0,7,8,0,076610,해성옵틱스
0,0,0,0,168330,내츄럴엔도텍
0,0,0,0,131970,두산테스나
0,0,0,0,150900,파수AI
0,0,2,0,170920,엘티씨
0,0,0,0,119850,지엔씨에너지
3,4,14,0,092040,아미코젠
0,0,0,0,130500,GH신소재
0,0,0,0,170790,파이오링크
0,1,3,0,151860,KG에코솔루션
0,0,0,0,089600,KT나스미디어
0,1,1,0,141080,리가켐바이오
0,1,1,0,097800,윈팩
0,0,6,0,104540,코렌텍
0,0,0,0,159580,제로투세븐
0,0,1,0,099190,아이센스
0,0,0,0,113810,디젠스
0,0,0,0,155650,와이엠씨
0,5,1,0,121850,코이즈
0,0,0,0,137400,피엔티
0,0,0,0,141000,비아트론
0,0,0,0,072950,빛샘전자
0,0,0,0,143240,사람인
1,0,0,1,091590,남화토건
0,0,5,0,140410,메지온
2,0,0,2,104830,원익머트리얼즈
0,0,0,0,130580,나이스디앤비
4,1,1,1,115480,씨유메디칼
0,0,0,0,139670,키네마스터
0,0,0,0,138070,신진에스엠
0,0,0,0,123570,이엠넷
0,0,0,0,122870,와이지엔터테인먼트
0,0,0,0,089030,테크윙
0,0,3,0,101240,씨큐브
2,0,0,0,007820,엠엑스로보틱스
0,0,0,0,090360,로보스타
0,0,0,0,131220,대한과학
0,0,0,0,143160,아이디스
0,1,0,0,137950,제이씨케미칼
0,0,3,0,040910,아이씨디
0,1,0,0,123330,제닉
0,0,2,0,138610,나이벡
0,0,0,0,109080,옵티시스
0,0,0,0,108380,대양전기공업
0,0,0,0,019770,서연탑메탈
0,3,0,0,137940,넥스트아이
0,0,1,0,131100,티엔엔터테인먼트
0,0,0,0,122450,KX
1,0,0,1,121440,골프존홀딩스
0,0,0,0,136540,윈스테크넷
0,0,0,0,136480,하림
0,0,0,0,104480,티케이케미칼
0,0,0,0,008470,부스타
0,0,1,0,121600,나노신소재
0,0,0,0,093320,케이아이엔엑스
0,3,2,0,061970,LB세미콘
1,0,0,0,131180,딜리
0,0,0,0,126880,제이엔케이글로벌
1,0,0,0,033560,블루콤
0,0,1,0,048530,인트론바이오
0,0,0,0,131370,알서포트
0,0,0,0,131290,티에스이
0,2,2,0,131400,이브이첨단소재
0,0,0,0,120240,대정화금
0,0,0,0,128660,피제이메탈
0,0,0,0,033830,티비씨
0,0,0,0,033170,시그네틱스
0,0,0,0,041460,한국전자인증
0,0,0,0,126600,BGF에코머티리얼즈
0,0,0,0,105740,디케이락
1,0,0,0,123420,위메이드플레이
1,0,1,1,123860,아나패스
0,0,0,0,058400,KNN
0,0,4,0,069140,누리플랜
1,1,14,0,119830,아이텍
0,0,0,0,101930,인화정공
0,6,5,0,123840,뉴온
4,5,0,2,117670,알파칩스
0,0,0,0,119500,포메탈
0,0,0,0,096530,씨젠
0,0,0,0,122990,와이솔
0,0,0,0,126700,하이비젼시스템
0,0,0,0,123410,코리아에프티
5,0,1,4,123040,엠에스오토텍
0,0,0,0,067920,이글루
2,1,0,2,119610,인터로조
0,0,0,0,106190,하이텍팜
1,2,0,1,123750,알톤
2,2,10,0,046120,오르비텍
0,0,6,0,122690,서진오토모티브
0,0,0,0,100030,인지소프트
0,7,0,0,900110,딥커머스
0,0,0,0,115500,케이씨에스
2,9,0,0,900120,씨엑스아이
0,0,7,0,115450,HLB테라퓨틱스
0,0,0,0,122350,삼기
2,10,3,0,115610,이미지스
0,0,0,0,115310,인포바인
0,0,0,0,115570,스타플렉스
2,0,0,2,115440,우리넷
0,0,0,0,050860,아세아텍
0,0,1,0,114630,폴라리스우노
0,0,0,0,114450,그린생명과학
0,0,0,0,104460,디와이피엔에프
1,0,2,0,112040,위메이드
1,2,9,0,088290,이원컴포텍
0,0,5,0,115160,휴맥스
0,6,0,0,109960,앱토크롬
0,0,0,0,109820,진매트릭스
0,0,0,0,082920,비츠로셀
0,1,0,0,042520,한스바이오메드
0,0,0,0,052860,아이앤씨
0,0,0,0,105330,케이엔더블유
1,0,0,0,109740,디에스케이
0,0,1,0,095700,제넥신
0,0,0,0,100130,동국S&C
2,0,0,0,103230,에스앤더블류
0,0,3,0,063080,컴투스홀딩스
0,0,0,0,109860,동일금속
0,1,0,0,102120,어보브반도체
0,2,0,0,101730,위메이드맥스
0,0,0,0,102710,이엔에프테크놀로지
6,5,0,2,099440,스맥
0,0,2,0,099220,SDN
0,0,0,0,101680,한국정밀기계
0,0,0,0,010240,흥국
0,0,0,0,101170,우림피티에스
0,0,0,0,081150,티플랙스
0,0,0,0,098660,에스티오
1,0,0,0,071670,에이테크솔루션
0,0,0,0,101490,에스앤에스텍
0,0,0,0,100120,뷰웍스
0,0,4,0,102940,코오롱생명과학
0,1,1,0,101400,엔시트론
6,2,7,0,106240,파인테크닉스
0,0,4,0,086890,이수앱지스
2,1,4,0,104040,디에스엠
0,0,0,0,078070,유비쿼스홀딩스
0,0,0,0,086900,메디톡스
0,0,0,0,058630,엠게임
0,0,0,0,059100,아이컴포넌트
0,0,0,0,092130,이크레더블
0,0,0,0,100700,세운메디칼
0,0,0,0,098120,마이크로컨텍솔
3,5,4,2,101670,하이드로리튬
0,0,0,0,094840,슈프리마에이치큐
0,0,0,0,063170,서울옥션
0,0,0,0,047560,이스트소프트
3,0,0,3,096240,크레버스
0,0,0,0,101160,월덱스
0,0,0,0,064480,브리지텍
0,0,0,0,098460,고영
1,0,1,1,018620,우진비앤지
0,0,0,0,095610,테스
0,0,0,0,053280,예스24
0,1,0,0,096870,엘디티
0,0,2,0,059210,메타바이오메드
1,0,0,0,097870,효성오앤비
1,3,4,1,091440,한울소재과학
0,0,0,0,097780,에코볼트
0,0,3,0,096630,에스코넥
0,0,0,0,068330,일신바이오
0,0,0,0,093920,서원인텍
0,0,0,0,067010,이씨에스
0,0,2,0,096350,대창솔루션
0,0,0,0,092070,디엔에프
0,0,0,0,086670,비엠티
4,4,5,0,095190,신화프리텍
0,0,4,0,092300,현우산업
0,6,0,0,095910,에스에너지
0,0,4,0,081580,성우전자
0,0,0,0,073110,엘엠에스
0,0,0,0,094970,제이엠티
0,0,2,0,080520,오디텍
0,0,0,0,095340,ISC
0,0,0,0,095500,미래나노텍
0,0,0,0,027580,상보
0,0,0,0,057540,옴니시스템
0,0,0,0,094940,푸른로보틱스
0,0,0,0,095270,웨이브일렉트로
0,0,0,0,093190,빅솔론
1,0,0,0,091340,S&K폴리텍
5,5,10,2,072770,멤레이비티
0,0,0,0,094480,갤럭시아머니트리
0,4,0,0,086520,에코프로
0,0,0,0,078340,컴투스
0,0,0,0,095660,네오위즈
0,3,1,0,092600,앤씨앤
0,0,0,0,069410,엔텔스
0,0,0,0,093380,풍강
0,0,0,0,086450,동국제약
1,1,0,1,064820,케이프
0,0,0,0,092460,한라IMS
4,0,0,4,091120,이엠텍
0,0,0,0,094850,참좋은여행
2,3,0,0,094860,네오리진
0,0,0,0,078020,LS증권
0,0,0,0,092730,네오팜
1,0,0,0,039200,오스코텍
0,0,0,0,089010,켐트로닉스
0,0,0,0,090470,제이스로보틱스
0,0,0,0,088130,동아엘텍
0,0,1,0,084110,휴온스글로벌
0,0,0,0,089150,케이씨티
0,0,0,0,091700,파트론
0,0,0,0,086390,유니테스트
2,13,4,2,090710,휴림로봇
0,0,0,0,060540,에스에이티
0,0,0,0,066310,큐에스아이
0,0,0,0,067280,멀티캠퍼스
0,0,0,0,089890,코세스
0,0,0,0,080470,성창오토텍
1,4,13,1,089140,넥스턴앤롤코리아
0,0,0,0,089790,제이티
0,0,7,0,090150,아이윈
0,1,3,0,088390,이녹스
0,1,33,0,089230,THE E&M
0,0,0,0,043150,바텍
0,1,4,0,086960,MDS테크
2,0,0,0,038060,루멘스
0,0,0,0,063570,NICE인프라
0,0,0,0,086980,쇼박스
0,0,1,0,068050,팬엔터테인먼트
0,0,0,0,039290,인포뱅크
0,3,5,0,078860,아이오케이이엔엠
0,0,0,0,088910,동우팜투테이블
0,0,0,0,054950,제이브이엠
0,0,0,0,084730,팅크웨어
0,0,0,0,086060,진바이오텍
0,0,0,0,022220,티케이지애강
1,4,5,0,088800,에이스테크
0,0,0,0,068760,셀트리온제약
0,0,0,0,083450,GST
0,0,0,0,079370,제우스
0,0,0,0,085670,뉴프렉스
0,1,0,0,084370,유진테크
0,0,0,0,083790,CG인바이츠
0,0,0,0,064550,바이오니아
0,0,0,0,084990,헬릭스미스
0,10,5,0,085660,차바이오텍
0,0,1,0,078140,대봉엘에스
0,0,0,0,067900,와이엔텍
0,0,0,0,083550,케이엠
0,0,0,0,080420,모다이노칩
0,0,0,0,083650,비에이치아이
0,5,4,0,082800,비보존 제약
0,4,2,0,043910,자연과환경
0,1,0,0,041020,폴라리스오피스
0,0,4,0,038070,서린바이오
0,0,0,0,079940,가비아
0,0,0,0,077360,덕산하이메탈
0,0,0,0,083930,아바코
0,3,1,0,067310,하나마이크론
0,0,0,0,083310,엘오티베큠
0,0,0,0,080010,이상네트웍스
0,1,0,0,082850,우리바이오
0,0,0,0,078890,가온그룹
0,0,0,0,050890,쏠리드
1,3,5,0,082210,옵트론텍
1,3,3,1,082270,젬백스
0,0,0,0,075130,플랜티넷
0,0,0,0,073490,LIG아큐버
2,5,0,2,079950,인베니아
0,0,5,0,080220,제주반도체
0,0,0,0,079170,한창산업
0,0,0,0,079810,APS이노베이션
0,0,0,0,052220,iMBC
0,0,0,0,079650,서산
0,0,0,0,052900,KX하이텍
2,9,13,0,066910,손오공
0,0,0,0,049950,미래컴퍼니
0,0,0,0,052460,아이크래프트
0,0,0,0,072870,메가스터디
0,0,1,0,073010,케이에스피
0,0,0,0,046440,KG파이낸셜
0,0,5,0,078600,대주전자재료
0,0,0,0,054450,텔레칩스
0,0,0,0,078150,HB테크놀러지
0,0,0,0,051360,토비스
0,0,0,0,068790,DMS
0,0,5,0,048870,시너지이노베이션
0,0,0,0,065350,신성델타테크
0,0,0,0,039340,한국경제TV
2,0,1,2,064260,다날
0,8,3,0,011080,형지I&C
0,0,0,0,057030,YBM넷
0,0,1,0,065770,CS
0,0,1,0,074430,아미노로직스
1,1,1,0,066700,테라젠이텍스
0,4,0,0,066900,디에이피
0,0,0,0,075970,동국알앤에스
0,0,0,0,073190,듀오백
0,0,0,0,054090,삼진엘앤디
0,1,1,0,041910,폴라리스AI파마
0,0,0,0,067770,세진티에스
2,0,0,0,070590,인티큐브
0,0,0,0,065680,우주일렉트로
0,0,0,0,067160,SOOP
3,0,0,1,060570,드림어스컴퍼니
0,1,0,0,074600,원익QnC
0,0,0,0,071280,로체시스템즈
0,0,0,0,069510,에스텍
0,7,0,0,067170,오텍
3,0,2,0,054780,키이스트
0,0,0,0,041440,현대에버다임
0,0,0,0,072020,중앙백신
0,0,0,0,065510,휴비츠
0,0,0,0,072470,우리산업홀딩스
0,0,0,0,068930,디지털대성
0,2,0,0,069330,유아이디
0,2,0,0,052710,아모텍
0,0,2,0,065950,웰크론
0,0,0,0,047310,파워로직스
0,0,0,0,041520,이엘씨
0,1,0,0,064240,홈캐스트
0,0,0,0,069080,웹젠
3,0,0,2,067080,대화제약
1,0,0,0,066590,스모트로닉
0,0,4,0,067290,JW신약
0,0,2,0,065450,빅텍
0,0,0,0,065440,이루온
0,0,0,0,049630,재영솔루텍
0,0,0,0,021650,한국큐빅
0,0,0,0,051370,인터플렉스
2,3,13,0,065650,하이퍼코퍼레이션
1,0,6,0,066980,한성크린텍
1,0,0,1,016100,리더스코스메틱
2,3,5,2,042040,케이피엠테크
0,0,0,0,066670,디티씨
0,0,0,0,053290,NE능률
0,0,0,0,035600,KG이니시스
0,0,3,0,065170,비엘팜텍
0,2,1,0,041590,플래스크
0,0,0,0,042600,새로닉스
0,2,0,0,065500,오리엔트정공
1,6,10,0,060900,에이전트AI
0,0,0,0,066620,국보디자인
0,1,7,0,064800,포니링크
0,0,0,0,039980,폴라리스AI
2,6,7,2,048410,현대바이오
0,0,0,0,058610,에스피지
0,0,0,0,045340,토탈소프트
0,0,0,0,065710,서호전기
0,0,0,0,065690,파커스
0,0,2,0,060560,HC홈센타
0,2,1,0,043710,코스리거글로벌
0,0,2,0,060280,큐렉소
0,1,1,0,057680,티사이언티픽
1,0,0,0,063440,SM Life Design
0,0,0,0,051160,지어소프트
0,7,2,0,065060,지엔코
0,0,0,0,060720,KH바텍
4,3,2,0,061040,알에프텍
0,0,0,0,050760,에스폴리텍
1,0,0,0,054210,이랜텍
0,0,0,0,050120,ES큐브
0,0,0,0,054410,케이피티유
1,1,1,0,060310,3S
2,1,0,0,061250,화일약품
0,0,0,0,053980,오상자이엘
0,0,0,0,054050,NH농우바이오
0,0,0,0,039420,케이엘넷
0,0,0,0,039440,에스티아이
0,0,0,0,049550,잉크테크
0,0,0,0,054670,대한뉴팜
2,0,0,0,060590,씨티씨바이오
0,8,0,0,060370,LS마린솔루션
0,0,0,0,051380,피씨디렉트
1,1,5,1,053270,구영테크
0,0,0,0,034950,한국기업평가
0,0,0,0,046310,백금T&A
0,0,0,0,049720,고려신용정보
0,0,0,0,046890,서울반도체
0,0,0,0,013990,아가방컴퍼니
1,0,0,1,059090,미코
0,0,0,0,054930,유신
0,0,0,0,054040,한국컴퓨터
1,0,0,0,048470,대동스틸
0,0,0,0,042500,링네트
3,9,5,3,040350,크레오에스지
0,0,2,0,054300,팬스타엔터프라이즈
0,0,2,0,047080,한빛소프트
0,0,0,0,060250,NHN KCP
0,0,0,0,053260,금강철강
1,4,12,0,060240,스타코링크
3,0,0,1,041930,SY동아
0,0,0,0,058470,리노공업
0,0,0,0,045300,성우테크론
0,0,0,0,056700,신화인터텍
0,0,0,0,054940,엑사이엔씨
0,0,0,0,043370,피에이치에이
0,0,0,0,054620,APS
0,0,0,0,056360,코위버
0,0,0,0,051390,YW
3,1,1,3,054540,삼영엠텍
9,2,0,3,053350,이니텍
0,1,0,0,056080,유진로봇
0,0,0,0,044490,태웅
0,0,5,0,053700,삼보모터스
0,0,0,0,054920,한컴위드
0,0,3,0,041960,코미팜
0,0,0,0,053160,프리엠스
0,0,0,0,052400,코나아이
0,0,0,0,054800,아이디스홀딩스
0,1,0,0,053800,안랩
0,1,0,0,040300,YTN
0,0,0,0,035900,JYP Ent.
0,0,0,0,021320,KCC건설
0,0,1,0,053060,세동
0,0,0,0,052790,액토즈소프트
0,0,0,0,053030,바이넥스
0,6,3,0,052420,오성첨단소재
0,0,0,0,053620,태양
0,0,0,0,052300,오션인더블유
0,0,0,0,049520,유아이엘
0,0,0,0,048910,대원미디어
7,2,2,3,051980,중앙첨단소재
0,0,0,0,051500,CJ프레시웨이
1,1,16,0,049120,파인디앤씨
1,0,0,0,043360,디지아이
0,0,2,0,052330,코텍
0,0,0,0,052600,한네트
1,8,0,0,052020,에스티큐브
2,8,3,2,051780,큐로홀딩스
0,2,0,0,033790,피노
0,0,0,0,051490,나라엠앤디
0,0,5,0,038870,에코심플렉스
0,0,0,0,045660,에이텍
0,1,0,0,052260,현대바이오랜드
0,0,0,0,036540,SFA반도체
1,0,0,1,038500,삼표시멘트
0,2,2,0,024850,HLB이노베이션
1,0,0,0,048550,SM C&C
0,0,0,0,049830,승일
0,0,0,0,048770,TPC로보틱스
0,0,0,0,049430,코메론
0,7,3,0,044480,빌리언스
0,0,0,0,046390,삼화네트웍스
0,0,0,0,014620,성광벤드
0,0,0,0,048430,유라테크
0,0,0,0,017480,삼현철강
0,0,0,0,042510,라온시큐어
0,0,0,0,036670,삼양케이씨아이
0,0,0,0,039830,오로라
0,0,0,0,041830,인바디
0,0,0,0,014570,고려제약
0,0,0,0,045520,크린앤사이언스
2,2,0,2,044180,KD
0,0,0,0,044960,이글벳
0,0,0,0,032080,아즈텍WB
0,0,0,0,010470,오리콤
0,7,1,0,042940,상지건설
0,0,0,0,048830,엔피케이
0,0,0,0,044780,에이치케이
0,0,0,0,045510,정원엔시스
1,0,0,0,045100,한양이엔지
0,0,0,0,040160,누리플렉스
0,0,0,0,043340,에쎈테크
0,0,0,0,043650,국순당
0,0,0,0,037950,엘컴텍
0,0,0,0,039030,이오테크닉스
0,1,0,0,038540,상상인
0,0,13,0,046210,HLB파나진
0,0,0,0,045060,오공
3,8,7,0,043100,알파AI
0,0,0,0,042370,비츠로테크
0,4,0,0,045970,코아시아
0,0,0,0,040420,정상제이엘에스
0,0,4,0,007370,진양제약
0,0,0,0,043610,KT지니뮤직
0,1,0,0,036890,진성티이씨
0,0,0,0,039010,현대에이치티
0,0,0,0,009300,삼아제약
0,0,0,0,043200,파루
0,0,0,0,042110,에스씨디
0,0,0,0,039740,한국정보공학
0,0,1,0,039840,디오
0,0,0,0,042420,네오위즈홀딩스
2,0,0,2,039560,다산네트웍스
0,0,0,0,038460,바이오스마트
0,0,0,0,001540,안국약품
0,0,0,0,041190,우리기술투자
0,0,4,0,038620,위즈코프
0,0,0,0,039020,이건홀딩스
0,0,0,0,038950,파인디지털
0,0,0,0,036800,나이스정보통신
1,0,0,0,040610,SG&G
0,0,0,0,038680,에스넷
0,0,0,0,041510,에스엠
0,2,0,0,010280,아이티센엔텍
0,0,0,0,037760,쎄니트
0,0,2,0,032500,케이엠더블유
0,0,0,0,039610,화성밸브
1,0,0,0,039240,경남스틸
0,0,0,0,038290,마크로젠
0,0,0,0,037440,희림
0,0,0,0,038390,레드캡투어
0,1,1,0,036830,솔브레인홀딩스
0,0,0,0,036810,에프에스티
4,2,0,2,036690,코맥스
0,0,0,0,037370,EG
0,0,0,0,036620,감성코퍼레이션
0,0,0,0,037350,성도이엔지
1,0,0,1,001810,무림SP
0,0,0,0,036630,세종텔레콤
0,0,0,0,037070,파세코
4,0,0,3,036560,KZ정밀
0,2,0,0,016250,SGC E&C
0,0,0,0,036930,주성엔지니어링
0,0,0,0,036030,케이티알파
1,0,0,1,032190,다우데이타
0,0,0,0,005290,동진쎄미켐
0,0,0,0,036170,에이치엠넥스
0,0,0,0,026040,제이에스티나
0,0,0,0,037460,삼지전자
1,0,0,0,037400,우리엔터프라이즈
1,0,0,0,033640,네패스
0,0,0,0,037330,인지디스플레
0,1,2,0,036090,위지트
0,0,0,0,036200,유니셈
0,0,0,0,024800,유성티엔에스
0,0,0,0,027050,코리아나
3,1,0,1,027040,서울전자통신
0,0,0,0,027830,대성창투
0,0,0,0,036000,예림당
0,0,0,0,035760,CJ ENM
0,0,0,0,035810,이지홀딩스
0,0,0,0,035620,바른손이앤에이
0,0,0,0,020710,시공테크
0,0,0,0,012790,신일제약
0,0,0,0,034940,조아제약
0,0,0,0,033230,인성정보
0,0,0,0,035080,그래디언트
0,0,0,0,005160,동국산업
0,0,0,0,005990,매일홀딩스
1,0,0,1,025770,한국정보통신
0,3,7,0,033540,파라텍
3,2,5,2,030350,드래곤플라이
0,0,4,0,033160,엠케이전자
1,0,0,1,033310,엠투엔
0,0,0,0,033320,제이씨현시스템
0,0,0,0,009520,포스코엠텍
0,0,0,0,013810,스페코
0,0,0,0,033290,로젠
0,0,0,0,033100,제룡전기
0,0,0,0,033050,제이엠아이
0,0,0,0,033130,디지틀조선
1,2,0,1,019210,와이지-원
0,0,1,0,026150,특수건설
0,1,4,0,031310,아이즈비전
0,0,0,0,032960,동일기연
1,0,0,0,032940,원익
0,0,0,0,008290,원풍물산
0,0,0,0,032750,삼진
0,0,0,0,032860,더라미
0,0,0,0,032850,비트컴퓨터
1,2,2,0,032800,판타지오
2,0,0,2,032620,GC메디아이
0,0,0,0,032580,피델릭스
0,0,0,0,032540,TJ미디어
0,0,1,0,028080,휴맥스홀딩스
0,0,1,0,032280,삼일
0,6,1,0,012340,뉴인텍
0,0,0,0,031510,오스템
1,10,7,0,031860,디에이치엑스컴퍼니
0,0,0,0,031980,피에스케이홀딩스
0,0,0,0,011560,세보엠이씨
0,0,2,0,024740,한일단조
0,0,0,0,030960,양지사
1,0,0,1,030530,원익홀딩스
2,0,0,2,030520,한글과컴퓨터
5,2,0,3,021880,메이슨캐피탈
1,0,4,1,021040,대호특수강
0,0,7,0,028300,HLB
0,1,0,0,027710,팜스토리
0,0,0,0,023600,삼보판지
0,0,0,0,018310,삼목에스폼
0,0,0,0,003800,에이스침대
0,0,0,0,014190,원익큐브
2,0,0,2,012700,리드코프
1,6,4,0,018000,유니슨
0,0,3,0,025980,아난티
1,6,2,0,026910,광진실업
0,0,0,0,015750,성우하이텍
1,0,0,1,006730,서부T&D
0,0,0,0,025950,동신건설
0,0,0,0,025900,동화기업
0,0,0,0,025870,신라에스지
0,0,0,0,025550,한국선재
2,6,0,2,025440,DH오토웨어
0,0,0,0,024940,PN풍년
0,0,0,0,014100,메디앙스
1,0,3,0,024840,KBI메탈
0,0,0,0,024910,경창산업
0,0,0,0,004780,대륙제관
0,0,0,0,013120,동원개발
0,1,0,0,024880,케이피에프
0,0,0,0,024120,KB오토시스
0,0,0,0,024060,흥구석유
0,0,0,0,023910,대한약품
0,0,3,0,023770,플레이위드
0,0,0,0,012860,모베이스전자
0,0,0,0,006050,국영지앤엠
0,0,0,0,023410,유진기업
5,3,26,5,023440,제이스코홀딩스
1,0,0,0,006910,보성파워텍
0,0,0,0,018290,브이티
0,0,0,0,023160,태광
0,5,0,0,007530,와이엠
0,0,0,0,001000,신라섬유
0,0,0,0,012620,원일특강
0,0,0,0,011370,서한
0,1,3,0,018700,졸스
1,0,0,1,014470,부방
0,0,0,0,007720,소노스퀘어
0,0,0,0,011320,유니크
0,0,0,0,018120,진로발효
0,0,0,0,005670,푸드웰
0,0,0,0,006140,피제이전자
0,0,0,0,019010,베뉴지
0,0,0,0,009780,엠에스씨
0,0,0,0,020400,대동금속
0,0,0,0,005710,대원산업
1,0,0,1,016600,큐캐피탈
0,0,0,0,004590,한국가구
0,0,0,0,000440,중앙에너비스
0,0,0,0,014970,삼륭물산
1,0,0,1,011040,경동제약
0,0,0,0,008370,원풍
0,1,0,0,007390,네이처셀
0,0,0,0,002290,삼일기업공사
0,2,0,0,019540,일지테크
0,0,0,0,007770,한일화학
0,0,0,0,017890,한국알콜
0,0,0,0,003310,대주산업
0,0,0,0,017510,세명전기
0,0,0,0,021080,에이티넘인베스트
0,2,1,0,008830,대동기어
0,0,0,0,002230,피에스텍
1,9,7,0,009730,이렘
0,0,2,0,016920,카스
0,0,0,0,013030,하이록코리아
0,0,0,0,019550,SBI인베스트먼트
0,2,28,0,019570,플루토스
0,0,0,0,006920,모헨즈
